# $Id$

# my mail addresses
fascinating_logic@ybb.ne.jp	"Takeru YBB"	"Takeru Naito"
alchemist@ezweb.ne.jp	"Takeru Mobile"	"Takeru Naito"

# family
yasd.1618-ye-7@docomo.ne.jp	"Eiko Mobile"	"Eiko Yasuda"
lovely.snoopy.q-.-p.4456789m_m@docomo.ne.jp	"Madoka Mobile"	"Madoka Naito"
wataru.090-0905-1983@ezweb.ne.jp	"Wataru Mobile"	"Wataru Naito"

# IRC
alib@alib.jp	"alib"	"alib"
share@alib.jp	"alib-share"	"alib-share"
koshian@misao.gr.jp	"Koshian"	"Sugano Yoshihisa(E)"

# IRH
cati@mua.biglobe.ne.jp	"Fumiko Magota"	"Fumiko Magota"
catinyan@docomo.ne.jp	"Fumiko Mobile"	"Fumiko Magota"
unico@i-ml.com	"Yuichi Kunishima"	"Yuichi Kunishima"
easycompany-2@docomo.ne.jp	"Yuichi Mobile"	"Yuichi Kunishima"
eccentric-pomeranian@d.vodafone.ne.jp	"Jun"	"Jun Shimofurutani"
Tokunonet@ybb.ne.jp	"Sachiyo Tokuno"	"Sachiyo Tokuno"
hedwig@topaz.plala.or.jp	"Takanori"	"齊籐 孝憲"
UHS777@nifty.com	"Shouta"	"久守 翔太"
cannon_motoj@yahoo.co.jp	"Motoji"	"Motoyuki Yokoi"
pipi1.18@ezweb.ne.jp	"Sanae"	"Sanae Ishikawa"
